Watching Juno ,pos
AT_USER AT_USER   thanks for following yaa   i hope my update useful for you   ,pos
yeay    gw seneng bgt    thx y ,pos
Off for a Sunday run ,pos
putting on my aurora pink nail polish by chanel flawless,pos
AT_USER   now following the lovely AT_USER too   We re all going to kick butt this month    EAS30day,pos
And now  for my favorite part of the day    DINNER ,pos
AT_USER hehhe   thats my neice    ,pos
AT_USER but   World War III      Fly With Me   and   What Did I Do To Your Heart   are pretty good  too  ,pos
Time to snuggle up in bed with the electric blankie on ,pos
I am reading  quot the shadow of the wind quot  right now ,pos
cos I m eating corn flakes and its that kinda morning   URL,pos
AT_USER Wishing you a very Happy Mother s Day  Carina   Hugs   Joy ,pos
Loving these tattoos URL Hey AT_USER check this one out ,pos
AT_USER Probably a player signing  Maybe one of the rookies  I can see it from my office ,pos
Dear Shauna  that last tweet is in reply to you  i just forgot to click reply  ,pos
AT_USER hungry   sick   but otherwise not bad  In fact I m gonna go scrounge up some food  bbl ,pos
AT_USER yep  Pretty much  ,pos
finished my first book on vacation so far    Lost amp Found   very good actually   funny  good story  thumbs up ,pos
Dang   thinking about all the f ing time I wasted with u  Too bad it took me this long to open my eyes  Finally   I can say I m over it   ,pos
Good morning beautiful people   coffee  amp  sun     ,pos
AT_USER welcome to twitter  baby ,pos
AT_USER Do you mean me  Thanks   CraftyM4,pos
AT_USER I like Dexters Lab  I agree sometimes it s great to clear your mind with things you like  It makes you laugh so why not ,pos
I lobe MetrOfloG ea ea ,pos
wants to go back to napa     and thinking good loving thoughts right now ,pos
girls really have NO TYPE of lifee   hopp off my clit hun   gracias ,pos
All sorts of happy here at the bookstore  Always a source of peace for me ,pos
is happy the short people are asleep ,pos
2 things to say before I go to sleep  Who the fuck is Bruno  and never mind  I just remembered I don t give a shit  Goodnight  ,pos
AT_USER Thanks and it probably is a little goofy  but it s working like a charm  ,pos
is a beast at the hoedown throw down  ,pos
heading back to burlington later today ,pos
AT_USER URL little star ,pos
HOMEWORK DAY ,pos
bed ill finish marathon in morning half of lifes a climb and half of YBWM is done then bach ,pos
AT_USER SERIOUSLY we have so much   feeel free to come take some ,pos
Just signed up for twitter So excited ,pos
Wow  den fra 1993 er jo nesten en iPhone   The Evolution of Cell Phone Design Between 1983 2009 URL,pos
AT_USER I know ,pos
we are tanning check us out on youtube   same name as our account,pos
AT_USER I wish here I m seriously thinking about trying my hand at a twitter novel,pos
AT_USER LMAO  We all know AT_USER is morena on the inside     She s an inside out oreo cookie ,pos
AT_USER Went for a run  unpacked some more  got my phone fixed and hung out with a friend  My job starts next week ,pos
Having a sweet nice evening ,pos
AT_USER Thanks Erin  I hope it s nice where you are  too  BTW  I added your link to my blogroll this morning  on my blog  ,pos
AT_USER LOL  That s so funny  ,pos
AT_USER it did not work     ,pos
AT_USER AT_USER it s all good just quite interesting to see the twanalyst results  though perilously close to a FB quiz   ,pos
AT_USER I remember reading that book in college   all I remenber is that it was very deep and very long  hope you enjoy it ,pos
AT_USER Awesome  Jon just gave a shoutout to Scranton    my show  YAAAY ,pos
Had A PERFECT Day with Darren  amp  Chloe  The Weather was so BEAUTIFUL today  I had one of the best days Ive had in a Long long Time ,pos
AT_USER we will  we shall meet somewhere between utah and indiana  ,pos
Wow its 1 06 and im superrrrrr hyperr wat shall i do  ,pos
AT_USER if they help you come to a conclution  its worked cos thats what dreams are    thats what i believe  ,pos
Had a fantastic night  need more sleep ,pos
AT_USER You can go to marina beach  That s a good place in chennai  ,pos
Thanks Martin Callanta for treating me a 3 month subscription in DeviantArt  ,pos
i actually managed to not watch the primeval finale before it s on tv  woo  now just gotta make sure dinner s finished in time tonight ,pos
Just been gossiping with AT_USER ,pos
AT_USER magic rejuvenation   hmm I m thinking Triple Oxygen Mask URL and a Blissage105  Hang in there ,pos
AT_USER lol Thank you  Glad your o k  Sucks you re so busy though    It s 4 10 am here and my back hurts lol But i m o k  ,pos
AT_USER haha yup niice   as long as i wasnt doing anything embarassing,pos
is going to make the most of the lovely weather today and take the girls on the park with a picnic for lunch ,pos
will fade into pretend ,pos
AT_USER jealous  hope it was a good time ,pos
Random fact  42  Lines  Vines  and Trying Times  the name  reminds me of Adventures in Odyssey       ,pos
AT_USER I like burgers too  but I m thinking a bath  amp  body thingy might be better  ,pos
AT_USER Thought you might want to see that one  ,pos
so tired  sleep was not had last night this morning today  i might crash soon  must   make   it   to   kmaaaaaaaaaaaart  ,pos
Saw  Angels n Demons  today  Good one  ,pos
going to brittneysss  text ,pos
AT_USER I will be in Ohio in December  But that s a ways away  ,pos
Good Afternoon Everyone Hope you re all having a productive Monday ,pos
Goin beach today   ,pos
hopes tonight is as good as Wednesday   out for the night  ,pos
lights flickering  I ll shut down the laptop as I think the power may go out  time to watch on the porch ,pos
Just got home   goodnight twitter ,pos
AT_USER Put every post DTOM skeptic to shame  They were completely out of their minds to ever doubt thee most epic band EVER  Congrats ,pos
AT_USER Thank you ,pos
AT_USER you should so host the next logies  i only laughed at your bit really ,pos
please watch my new video in youtube  URL i hope u like it   and please coment about it  ,pos
I ve got to stop working so late    um   early    I just love getting things done  especially in peace  amp  quiet  ,pos
AT_USER also I do hope that you will be able to prevent yet again the Iranians  plan to kidnap me ,pos
AT_USER have you watched pacquiao vs hatton match  ,pos
AT_USER Shemzuuuuu  hordai did not enlighten me on sach jokessss   please do tell  ,pos
AT_USER LOL I asked her that same question  ,pos
Just had an awesome day with Jazmyn ,pos
Family Guy is awesome    and Follow me people ,pos
Is sat back watching TV and munching ice cream which   a perfect night ,pos
AT_USER fab  5pm it is  Buzz number 8 yay for pooch divilry ,pos
AT_USER AT_USER make that 2 more ,pos
Going to sleep with Horton  Goodnight  Twitterverse  lt 3,pos
AT_USER I ve got 40 minutes left of Wednesday and I plan to sleep through the majority of them  Enjoy your gym session  ,pos
ahh  excited to see all her frienders today  ,pos
so excited for vegas           ,pos
wow    more American than ever are now calling themselves  quot Pro Life quot   51   We re making progress  despite the views of those in power    ,pos
AT_USER Is re reading Thee reply  ,pos
AT_USER AT_USER Thx 4 sharing  ,pos
just finished up my fall 2009 schedule music classes  lt 3 ,pos
Sittin  here listening to Ray Wylie Hubbard live on KNBT Roots and Branches  I love Ray  What a great guy  ,pos
AT_USER oh dont you love stuff like that u and ur gf have a safe trip and lots of fun   Beware of dogs and cops  Lol,pos
AT_USER I m with you  sister  15 minutes to go    tweeting while i wait for the good man at home to bring the curry back  ,pos
AT_USER   That s beautiful ,pos
AT_USER That sounds great  I ll bring the family ,pos
so i have a new condo and i am missing calls  i am thinking this bluetooth bracelet will fix  it buzzes my wrist URL,pos
ps  follow AT_USER mistah  quot hit me on Twitter quot   keep that song goin  ,pos
wow did anyone else see that i cant spell  quot have quot  wow thts sad it shows how smart i am ,pos
okee dokee im gonna hit the hay nighty night twitterland oh and AT_USER forget to tweet sweet dreams twitter peeps ,pos
AT_USER awww thank you ,pos
Good morning tweeps  ,pos
AT_USER Thanks for the ff ,pos
AT_USER coversation was lively as usual ,pos
URL please vote for me ,pos
I joined Twitter a year ago last week  ,pos
AT_USER I absolutely love your display photo  you are gorgeous and so very talented as well  Eisley should come back to Canada xo,pos
Damn  I m tired  School almost over  Yeyee  ,pos
AT_USER Sweet  hehe    Is there going to be a BloodRayne 3 video game   DSccTC,pos
AT_USER So happy you have joined  It just wasn t the same without you  What are your plans now that the spring tour is over ,pos
hopefully going to see up today ,pos
Awww  Billie Joe has blue ish hair XD BABY HAIRR ,pos
AT_USER I had to keep up with the jones ,pos
I m eating blueberries and raspberries and grapes and i feeeel healthy  hah ,pos
AT_USER  looks suspiciously at you  hmmm  ok then  But know one   I trust you NOT to cheat  smiles  think on that ,pos
good morning and good day to all   ,pos
On the way to Hilton Headdddd ,pos
thigh feels a bit better ,pos
AT_USER great that  eric is awake and able to communicate  how relieved you and ur mom must be  we ALL ARE  ,pos
AT_USER there is always salsa somewhere what are your plans today ,pos
AT_USER wicked  bigup fartooloud guys and see u all in spain 2nd may  ,pos
AT_USER Hi Ladd  It s Khanada  amp  Annette and we are so happy to have given you a small boost  Excited for your next film  ,pos
AT_USER wel if both of us win then its okay ,pos
AT_USER you rock   300,pos
AT_USER thanks ,pos
is working today and just got   40  yay ,pos
AT_USER We will now  See weve talked more today thanmin the last 20 yrs  ,pos
Night tweeps   have a great one til tomorrow        ,pos
going to take a nature walk  listen to some music  and enjoy the beautiful weather  ,pos
AT_USER is the most poppin person on twitter ,pos
sang at my daddy s installation and they gave me a standing  quot O quot       mann  i miss singing   ,pos
OMG    listing to the  quot get outta my dreams get into my car quot  song    WOOOOH   retro rocking out to lame song    JOIN ME   ,pos
Yesss  best night  Movie watching ,pos
AT_USER Thanks babe That s one of my best friends Steve ,pos
AT_USER no worries  good news are good to spread ,pos
AT_USER It would mean the world to me if you said a simple hello ,pos
AT_USER thanks  i made it back in one piece ,pos
i lauras house ,pos
AT_USER wow lauren conrad is he most boring person ever with the teeniest top lip   GOOD RIDDANCE BEEEEETTTTTCHHHHHH ,pos
gonna be a fun week starting monday ,pos
AT_USER Thank you so much for the quote  I really appreciate it  ,pos
AT_USER how much taxpayer    did bush spend traveling 2 Crawford  TX  The Obamas r stimulating mannhattans economy ,pos
Work is over for the day  I m so excited about going home to take a nap  And get the mail  I wonder if I got any packages  ,pos
AT_USER I m good thanks a little tired too  just playing with the Kids indoors cause it s raining  LOL x,pos
AT_USER make nome with me ,pos
AT_USER that s what I call  cool ,pos
AT_USER Have you watched watchmen yet  ,pos
the start of half yearly exams today  weren t bad  but i sense them getting worse  S looking forward to an awesome day tomorroww all    ,pos
AT_USER you re paranoid Did you get a bullseye mark  If not  you re probably fine ,pos
AT_USER thats not good mami   water is good 4 u ,pos
Not special  Only the most special Sunshine always makes me happy ,pos
AT_USER AT_USER facebook ,pos
AT_USER i want a pretty picture ,pos
URL   SS501 ,pos
God the coffee out of vending machines is lovely NOT  on my way back to Poole and then sunny Bournemouth ,pos
it s 8 a m  and i have my 1  coffee ,pos
AT_USER I think twitter needs a  quot like quot  button cuz I could use it here  Mac all the way  ,pos
Gonna try and make my own chicken congee tonight ,pos
AT_USER found it  found it ,pos
AT_USER To see someone special ,pos
Spymaster works on my iPod  ,pos
AT_USER Keep it PG  ,pos
AT_USER exactly   there s plenty of possibilities that could make it exciting today  maybe that ll work out for us ,pos
AT_USER I left the rest of my comment unsaid so I wouldn t sound perverted  ,pos
AT_USER    digital camera it does the same job as the power shot ones its just more portable    and less expensive ,pos
is eating brownies  ,pos
AT_USER lol it is  rhotacism is a case when someone couldnt spell r correctly happy now   hi  i m bey   amp rhotacism ,pos
URL I love you ,pos
AT_USER i d come back to Belgrade for that ,pos
AT_USER good I got u too   Punk ,pos
Dress to Impress  URL,pos
URL   More than happy to  Silly fun has it s place in history as well  ,pos
AT_USER HAHAHA   sorry  couldn t resist ,pos
goodnight all  i m off to bed ,pos
AT_USER I wanna win that membership         KTBSPA     BSB  BSB  BSB  BSB,pos
HUGE thank you to AT_USER for the gift card for itunes SUB TO HIM ,pos
AT_USER Aw  thank you sweetheart  That means a lot ,pos
AT_USER I dig i dig lol So what you doing today  ,pos
Wow   Did that really just happen    Anyway  gotta keep it moving  I refuse to let today set the tone for the rest of the week ,pos
AT_USER not this week John maybe next week ,pos
AT_USER    ya that sounds like a bad combo well im always here to put a smile on your face if you need it  XIII ,pos
I hope you Cali girls still love me after that last comment  ,pos
Came home for lunch and meds ,pos
AT_USER Well glad life is treating you and lil man kind Blessings ,pos
AT_USER You re not a dick You re a PUSSY  ,pos
AT_USER AT_USER Thank u girls  Love ya  ,pos
Lookin AT_USER Bet right now  She s like kryptonite   she stops me dead on my feet  Love my Melly ,pos
cooked chicken in balsamic vinegar and garlic for dinner  Iz good  ,pos
AT_USER i hope you found something to do  ,pos
aaaaand my last karaoke standard  I kill this dead  I swear  though I m no singer  I love it  URL,pos
  4 13 now ,pos
URL   he is the reason i got twitter  no lie ,pos
Just finished my pep squad assembly essay  kinda bullshitted it but whatever  I m gonna type it nowww ,pos
AT_USER dont think so   find a nice bar in the bay and chill out in the sunshine instead ,pos
AT_USER agree   ,pos
AT_USER btw me and my dad can defo cone to  jugglecon2 ,pos
AT_USER pretty much  But omg so many cute guys ,pos
AT_USER aww way to make me feel special ,pos
looking for graphic design job and or photography assignments  let me know  ,pos
AT_USER wow you really have to much time on your hand to twitter youtube ,pos
AT_USER Thanks for the great shoutout Let us know if you ve ever got any suggestions or questions for us  we love getting feedback ,pos
headiing home from the late night swim ,pos
At casa guadalajara in old town  awesome food  thanks to AT_USER for the recomendation  ,pos
AT_USER What an excellent entrance on Filip  amp  Fredriks show  One of the best ever  ,pos
westbamAT_USER b brooklyn area mate    jack da coke fine time just after italian in greewitch village,pos
SIGNING OFF   quot my state of mind has finally got the best of me  i need you next to me   quot  LSS Good night peeps ,pos
I love love LOVE the Studio 44 Cast and Crew  Thanks again  everyone  Video is up on facebook  I ll tag you all when I get home  Love you,pos
AT_USER yes  I m going to run around  quot exposing quot  my books to people now   at least that is what I call them ,pos
Hello people  AT_USER is back from the break How ve you ll been ,pos
Shower Time ,pos
Looking for quick wins today   making progress  ,pos
AT_USER Thanx I will   ,pos
AT_USER Im in VA   neighbor to NC of course Hope you have safe travels ,pos
 it has been pretty decent seeing the faces that make neighbors more like families,pos
Thank God  ,pos
Dad  I know  I want one haha A day Game  Yay football  ,pos
AT_USER LOL  I think you have a point  ,pos
AT_USER i like it ,pos
Is walking swimming go karting then dating out for dad s birthday  Full day of fun ,pos
im excited for the new week  good for fresh starts ,pos
AT_USER thankyou for an awesome gig at derby last nite glad you got to germany ok enjoy  xxx,pos
Just watched the crazy game and now I have to pee so bad  just thought everyone needed to Know that ,pos
AT_USER omg vicky  you are so brave  ,pos
AT_USER Sadly parts of my body are screaming at me to go  Plus I have discovered a way to check my BB messages during the class ,pos
omg he looks so cute in his glasses ,pos
AT_USER congrats  i love you  happy for you sweet pea ,pos
Just bought my tickets to beyonces concert  Gon be off tha hook   Cant wait ,pos
AT_USER indeed   feed into the positive  just know that i am here hoping right along with you ,pos
URL   i have these moments a lot AT_USER,pos
AT_USER yes we do  that is why you got so many reactions before  People are passionate about freedom ,pos
Watching Spongebob and playing with the new MacBook  This computer is truly bad ass  ,pos
Mission fundraiser tomorrow  Who s going  ,pos
New car i love this radio station  96 5,pos
 quot Star Trek quot  tonight with my girl   quot Drag Me To Hell quot  tomorrow with my boy  It s a great 2 days off work before VA  ,pos
AT_USER welcome to tweeter vettiness killer AT_USER,pos
AT_USER Wow    long time no see  We need another Tracy Nova party in Orlando ASAP  ,pos
Beaching it ,pos
AT_USER I have a great boss ,pos
ok well sadly i didn t go out for lunch with the team   however i did step out to get some sushi   yum ,pos
sitting in my garden  blasting music into my brothers open window trying to wake him up ,pos
 i have a new pictureee   i don t have face buuut   it s beatiful  aah the photograph is Sara  she ve a great future how photograph haha,pos
Baskin robbins  with the whole family ,pos
Getting a surprise from the boyfriend   I can t wait  ,pos
AT_USER Write  Definitely write  I loved that story ,pos
well  no more school until the first day of school in September that is ,pos
well well june already last month was mad  91 days till paris and finding a job but still going strong good day everyone ,pos
AT_USER baha  i m gonna have to find some  i dont think we took any D  but i m gonna find some ,pos
AT_USER I m gonna be a nanny for my niece  She s a year old  Yeah I m doing some camps too  They re fun  I should take you with me ,pos
I m Supa Bored Yay For twitter Spam ,pos
I want to go on my trip now    ,pos
AT_USER getting the chance to get rejected is worse   and everyone misses out on someone who is a true artist not these attetion whores ,pos
AT_USER awesome my son just came home ecstatic  He met Pierre Luc Gagnon  Said he was such a nice guy  ,pos
AT_USER I hope we don t get another bad winter here  Didn t think we d get rid of this last winter How are you today ,pos
Watching Adventureland and 18 year old Virgin,pos
now  the LAKERS  ummm   dwight   all umma say is I ll pray 4 u  but we already kno wasup lol good luck tho hahahaha ,pos
AT_USER are you or someone on the TAPS team going to get Steve to join Twitter  you should  ,pos
smiles all around ,pos
AT_USER Yay yay yay  We have walls again  The drywall was finished this week  Nice everyone s got forward movement at last      ,pos
New chip stack URL,pos
Off to my friend s house to do school work  See you later  followers ,pos
glad to see Conan again he rocks ,pos
AT_USER ooc  welcome back ,pos
AT_USER Never mind   got Mahreen s latest tweet about Charles   ,pos
AT_USER get on aim tonight please ,pos
hey yall its mary coley carolines cousin  if you arent followig me please do  thanks  my username is AT_USER please follow  ,pos
AT_USER it s difficult to explain  ,pos
Headed back home lunch was fun felt bad because I kinda ran late,pos
talked to Rachel in Otago tonite  Thank God for you in my life ,pos
Just trying to figure out what twitter is so that I can enter Destiny s photo giveaway  YAY       please me  ,pos
i love this weather  when i m inside ,pos
life keeps gettin betterer and betterer   lol  life   great after a long long time   im gonna go join my sister in a water fight now bye ,pos
AT_USER I prefer the pink one actually ,pos
AT_USER AT_USER Turning 30 for you isn t the milestone it is for others  You re both old souls meaning you turned 30 LONG ago  ,pos
it so nice no having to worry about exams ,pos
Boxing so I can whoop chickens ass  ,pos
AT_USER Haha  theres no Need to Apoligise  ,pos
AT_USER aha ok then but u dont have to pay me back  Love you millions ,pos
AT_USER I definitely want to work together w  you  That was always my intent  I was just reiterating that you are MOSTLY in charge  LOL ,pos
AT_USER Hey laura youre fine ,pos
AT_USER it s a good thing I never cook    I only lost some Milk and OJ ,pos
AT_USER Awwww thanks sis cuz I m really bad in that ,pos
I m finally deadline free  Now I can enjoy the next 2 5 months  But whatever shall I do first      ,pos
 followfriday AT_USER a positive shiny sparkle in the crowd and an  awesome friend great person indeed   ,pos
I ve done nothing today apart from moan whinge moan ,pos
AT_USER thanks  and dull fact  623 Matt Groening almost named Bart after himself   how weird would that have been ,pos
AT_USER ah ok  happy to helps ,pos
i ve decided i freakin LOVE that beauty shot  it doesn t look like me at all ,pos
AT_USER so much to do ,pos
AT_USER Yes he was cute and charming and wickid smaht  ,pos
I think I permanently smell of bonfire  Oh well Another bonfire    ,pos
AT_USER agreed  silly Facebook poustis ,pos
ahh another day out in the sun studying   re burnt myself relly itchy and sore lol     another few days of thuis sun suposidly wooo,pos
AT_USER I posted a comment  Thanks for your helpful instructions  ,pos
AT_USER im nasty     thats like day 4 tho   low flow days ,pos
AT_USER im so glad your having fun  i hope your taking lots of pictures   i want to see your whole trip documented  miss you  ,pos
AT_USER Thanks for the  followfriday  Back atcha ,pos
is SIGNING OUT    URL,pos
AT_USER You really can t beat that    ,pos
AT_USER looking forward to the show tonight  Can t wait for ol mate AT_USER to ,pos
AT_USER lol yeah but they havent been on my tv box Well Alec has but hes cool,pos
AT_USER Will do  You are a better class of 267 ,pos
Had lots of fun in the sun and also got lots of film type work done ,pos
Is up on a sat   I can t b this this excited about today   Plz nerves let me sleep another 3 hrs   ,pos
 also made a masterful roast dinner  followed by apple crumble     Yum need gym this week though ,pos
And I ve got 100  Woo  AT_USER is my 100th follower Thank you to you all ,pos
But if you aren t with your fam  tweet on ,pos
AT_USER will do ,pos
Saw the power of Twitter  and new social media  today  Congrats to AWARE  Bad guys don t always win after all ,pos
Having some donuts for breakfast with AT_USER and Papa Lee before we go to Brantly Farm  ,pos
AT_USER Thank you ,pos
writing new song ,pos
You up for it City  Can you defeat Utd at their ground and cause a dent in their title ambitions     fingers crossed that you can and do ,pos
Yop everyone  just watched  quot Carry on Cruising quot  LOL    I torture myself bad  ,pos
AT_USER Sweeeet  now I can sleep a happy girl ,pos
AT_USER come play with me and my friend AT_USER ,pos
AT_USER I think what you just said is very positive    so it counts ,pos
AT_USER Thanks for the all the advice Heather  It worked ,pos
Now  you re my world    ,pos
eating breakfast with my family  7 DAYS ,pos
AT_USER Thank you for following me  I really apprecaite it  Looking forward to your tweets  ,pos
AT_USER its 4 the LIVE album ima rap on it instead of fab lets go people hhhaaaahhhaa,pos
Hello twitterers watching TV  amp  video Moi Lolita is on ,pos
My new camera passes the filth test by scott in Nakedness   URL  freakcity  nakedness,pos
Starting my internship today  pretty excited  ,pos
AT_USER Thank you ,pos
people here miiiint  off to get blu in a min ,pos
Is looking forward to interviewing The Saturdays today ,pos
AT_USER Girls love talking makeup ya know ,pos
AT_USER Thank you  ,pos
AT_USER Let s take her someplace nice for dinner and both make a point to be sweet  ,pos
Over 13 000 plays E P s should arrive tomorrow and can t wait for the gig next wkend it s gonna be a good week ,pos
looking for boat rentals at Lake Eufaula for when family visits  Any recommendations ,pos
If some people can do it  then I can to ,pos
AT_USER my dear  not even in the cyber world do you have friends ,pos
AT_USER love the Twitter handle  Is this intended to provide support for all Bing addicts  I feel like binging on  Bing  ,pos
AT_USER That Heaven and Hell track you linked is badass  Dio still has it ,pos
AT_USER Just having a lighter moment  Some levity of ok   ,pos
AT_USER and that s another reason why I love you  I fell in LOVE with Allison from the start  I dl d all her songs off iTunes ,pos
AT_USER nothing fascinating  i have alot of errands to run  which i will be tweeting of course ,pos
AT_USER Oh wow i love it very relaxing thank you for sending me the link ,pos
I knew that when i saw AT_USER my life would soon move over from the fast lane   URL vote for him ,pos
AT_USER prefer GOOD to GUD morning    ,pos
Thinks this weather is bonza noouch,pos
AT_USER hoping for some good news    it may take some time but your presence and words can make a difference ,pos
On me bus  amp  i gots no clue what i m doing tonight ,pos
It s 9 01AM in L A ,pos
Also  adding to our last tweet about free seo services for non profits and charities  we re happy to help out with any social media q s ,pos
AT_USER Thanks boo  I will ,pos
AT_USER can it at least be may 22nd first  because I d really like to go see empires ,pos
AT_USER   Ruby can you upload a photo of yourself   i d love to see your frock ,pos
AT_USER Please send some of that my way  In need of inspiration and motivation ,pos
AT_USER lol what would I do without you     ,pos
AT_USER ahhh    how re the songs coming      ,pos
Headin out to the Healing Arts Festival today  Ozomatli in the house  Then  off to The Hotel Del for some R amp R for a few days  ,pos
AT_USER Yay  I ll be going in a few minutes then  Although I actually have to eat a real meal  something I did not do today ,pos
Parents arrived safely and sound  ,pos
why does love always feel like a battlefield  a battlefield  a battlefield     u bettah go get ur armor  get ur armor ,pos
Feelin FANCY     ,pos
already feelin  NICe   I can give u what u want ,pos
AT_USER i know that s why i call him sexy skittle sex   ,pos
such a lush weekend with lee last exam tomorrow   VERY busy week  can t wait to get my hair  amp  nails done   amp  for ryan  amp  lee s party   ,pos
AT_USER   replace  yes  I m all ears on minimalistic ideas homie ,pos
eating abc s    ,pos
AT_USER great ,pos
What about Throw Momma From the Train   does the grumpy person have to be a man   hhrs,pos
AT_USER good morning     have a great time at Kolleg  iam waiting for your report    ,pos
Had meeting with timber flooring supplier  Still cracking head on elevations  But at least getting somewhere  Need drinks tonight ,pos
Watching Night at the Museum 2  ,pos
AT_USER am i one of those friends that are awesome  ,pos
wow i never thought i would have 30 followers  thanks  ,pos
AT_USER i go to o more college of design in franklin ,pos
AT_USER hi gov   How are you  ,pos
AT_USER why thank you  blush   i am loving the site  meanwhile  very pretty  ,pos
That d be so awesome  That said it ll be amazingly awesome enough to have blink back on our screens       ,pos
 quot He is so hot quot   Miley  amp  she is so right     haha Lucas Till ilovejb  ,pos
AT_USER Hehe  Okay lang yan  I like to speak english ee    Hm  I m from Mindanao  Bout you  ,pos
paula is coming  paula is coming  ,pos
My feet are so sore that i will have a foot spa laterr ,pos
learnt take a bow and some of unfaithful i need to learn paparazzi ,pos
URL   Earning those hours can be hard work  ,pos
ohhh heading to bed  amp  up early for school     cant wait till its overrrr ,pos
Did first triathlon of the season  I need a swim psychologist ,pos
Love science fiction tech movies  Star Trek and Iron Man in one day  Way to spend the day ,pos
AT_USER will chat to you later if you re still up  did you change sheets after 2 days of sweating all over them  or R U into smelly pit ,pos
AT_USER yup  studying  At least I m trying to  Trying to let the stuff I read enter my brain permanently  ,pos
2 followers  i am doing well follow me please   X x X,pos
feel like shit  but still taking some Home kids out ,pos
Logan is graduating Pre K   ,pos
AT_USER   thanks for lunch at the Graceful and a perfect day yesterday ,pos
i hate when people put their dam legs on top of me when i have to share beds   damit grrrrz lol    ah ah ah ohhhh   bitches in the world  ,pos
AT_USER damn  the hole in the fence never appears  tnx ,pos
AT_USER Ill down a cool one for ya  ,pos
is in the public library now   ,pos
AT_USER because your a sexy beast duhhh  LMAOO ,pos
Up at 7 30 to take Ari to football  Only 8 showed up so 8 v 11 again  Only lost 4 0  Now for the Blues v the Arse  4 0 will do me  ,pos
A day of movies  Serendipity  So sweet ,pos
Another loser  Earthfest with Ally today then home  Amandas Grad party  Hell yerrr  oh btw    y   URL,pos
AT_USER First time out in days  Hehe same here  Hope your paper went well  ,pos
i just watched law  amp  order  amp  thought about AT_USER ahah now watching CSI miami ,pos
Breakfast Flow  but its really lookin like Breakfast lunch Flow  Lol Can u say Simone is Greedy   ,pos
AT_USER hey How to Be is On Demand for the next 3 months so once you get home we can watch it over and over ,pos
AT_USER      Hey spookdude ,pos
AT_USER That s a lot better than putting them to sleep with Suffocation  ,pos
if she s princess of whoville  i m the luckiest guy on who  ,pos
It felt so good to sleep in my own bed last night  Slept like a baby ,pos
Sitting down having a glass of Strega on the balcony with friends  Not bad ,pos
AT_USER Fire alarm at 6am  You should be up anyway ,pos
AT_USER If you pay attention my lover  you would know their kitten is called marvin And you call yourself a tom fan tut tut Lol x,pos
AT_USER I have the deluxe version but I don t know if I hve ever listened to that song I listen to the same ones over and over ,pos
AT_USER I love The Morning Light ,pos
is really bored  glad summers here ,pos
Getting far too excited now    Frenzy is just a couple of days away  Pass it on ,pos
Tweeting   while birds by my window are doing the same ,pos
the best 3 rappers come from brooklyn B I G   Jay z  AT_USER    if that isnt a sign that Bk is the best borough then idk what is ,pos
AT_USER ok u 2 guys r not included ,pos
Is looking forward to nyc in 13 days   ,pos
AT_USER people that think alot are usually always creative   especially in the bedroom ,pos
AT_USER hmm   i ll try to learn it on guitar and ukulele   thanks morenne lt 3 ,pos
well  since most everyone i know has run off to bed i guess i should do some work and get a few things done  ,pos
just finished taking a bath  I m in Manila right now  ,pos
AT_USER You mean AT_USER wouldn t like my beer flavoured bikini  Ah well  Have to shut your door  wings soaped up next ,pos
It s Bri and I m doing what I do best   Red Dirt Road  Tonight s featured artist is Robert Earl Keen ,pos
AT_USER   of course you are  Thats cool though ,pos
like any normal 25 year old guy  i m spending the day at my piano goal  write a two voice prelude    nothing super extravagant ,pos
the fox and the hound ,pos
 quot wining quot  all day today  Not the irritating kind  the kind that makes me giggle ,pos
AT_USER Our Chimp loves you   URL   Go vote  ,pos
 quot And your smile could light up this whole town  quot  ,pos
Is now watching Teenage Mutant Ninja Turtles II  The Secret of the Ooze  ,pos
It s a girl      Filly     Horse     Yeah URL,pos
AT_USER of course i really hope that this would be his real twitter page  that would be soo cool ,pos
Finally back in Manila  And also currently a huge fan of Hotel For Dogs    XD,pos
hope you re having fun at work gemma ha,pos
AT_USER AT_USER AT_USER i have no idea  whoever gets married first tho  must have that picture in their slideshow ,pos
AT_USER you got me  I WILL go see Wolverine the night of  ,pos
Reading about Dodd s troubles got me thinking  If he loses  Banking chair goes to Tim Johnson  But after him  Jack Reed  Can you imagine  ,pos
AT_USER Do u kno bout  Gig In The Park  27th June  Must send u press release for it   see wot u can do to promote it  ,pos
I think AT_USER is going for a tweet record today     ,pos
AT_USER Haha    Im Waiting for tears to tiara i wanna join the contest but i dont have the 3rd Week  weekly code  gt  lt  quot ,pos
AT_USER an amazing talented friend who made me this video URL,pos
Such a wonderful night  One for the books ,pos
AT_USER Two pa lang  I don t have the third yet  ,pos
Who remembers this from Transformers the Animated Movie  Thanks AT_USER for the recommendation    URL,pos
AT_USER do you ever cross the border  ,pos
goin to bed ,pos
AT_USER I know that s right  Sexy  ,pos
AT_USER plian black lol ,pos
Wow  That concert was uh mazing  Wow  Taylor Swift is so amazing and talented  She put on such an awesome show  Wow quot  ,pos
AT_USER ever wanted to live in the Basque Country   In that case  I can adopt you   ,pos
AT_USER you should come to scotland soon x,pos
i feel better   im so hppey right now and i ever dont have a reason O   i like this BUT its so bored alone at home     i need tipshantz lt 3,pos
I have now learnt how to do the Hoedown Throwdown   that shows how awesome i am ,pos
Look what I found in the front garden   Photo  URL,pos
TONY WON  Yay  ,pos
was hungry to eat ,pos
I ll be back later ,pos
chilllllan in health ,pos
Rachel s watching Mamma Mia  for the millionth time today        Sheesh  she makes me now want to not like the film  Haha  ,pos
AT_USER we have a Mac but no CS4  hmmmm    ,pos
AT_USER i m bored    Gonna go to a new shopping mall today ,pos
im going to me cousin s house ,pos
AT_USER URL   I SEE ME   fun  great set  raining and all  let s do it again ,pos
Happy with the outcome ,pos
All I get to have is H2O with lemon  ,pos
outta here  Hahaha white chicks ,pos
Didn t know yall hated me like havin one of ur promoters be a spy and take me down haha yall funny hahaha ill get the last laugh ,pos
AT_USER Good luck with the cat getting  ,pos
AT_USER feel better  I hope it s not the swine flu ,pos
AT_USER Yes  I m assuming you ve eaten there too  ,pos
AT_USER ahhh its beautiful in nyc this week   not gonna lie make sure you visit the beach ,pos
so looking forward to maid of the mist  ,pos
Up and around a little earlier than I wanted to be  phone rang 5 30 AM   Exercise is a good way to start the day  right  ,pos
AT_USER I don t want to vote for SuBo ,pos
Good night  world  Finished reading Coraline so hopefully no nightmares tonight ,pos
AT_USER someone dumb haha I know if someone tells me it s their birthday I always say happy birthday  I ll try to remember yours ,pos
AT_USER AT_USER Too funny    thanks for sharing ,pos
AT_USER it is always awesome to see you  Glad you had a frantastic time   that s how it should be ,pos
taylor swift s songs make me happy  i don t know why haha ,pos
looking for govt grants  thinking of opening a family business with a few people in the family ,pos
hmmm  photoshoot day  whaddya say  ,pos
I m so tired am gonna sleep 4 a whole week  wouldn t recommend studying  amp  working full time to anyone  goodnite everybody ,pos
Fat Albert just flew over  makes sense he is much bigger and cannot hang with the Blue Angels ,pos
AT_USER I m pregnant with twins ,pos
AT_USER Thank you ,pos
AT_USER Jesse  I really LOVE Departure Recharged  Good job ,pos
working out to  amp  listening to the Jonas B rothers motivates me ,pos
AT_USER im thinking laps in the pool  ,pos
AT_USER Lovato s And I m also watching  So You Think You Can Dance  videos on YouTube ,pos
AT_USER ha ha you got sore       new you couldn t handle it lol jk ,pos
AT_USER CANCEL CANCEL CANCEL  your couch will thank you for it ,pos
twitter is a good way to express my anger  feelings etc  any good tele tonight  OOH good news week     wes carr is on ,pos
ur face likes dooodle ,pos
Happy now  ,pos
 i got off the bed in here a few minutes ago 2,pos
AT_USER GREAT ,pos
AT_USER Ironically  heh   I have an iron bed  too  ,pos
Are there any better kisses than purple berry face kisses  I think not ,pos
AT_USER good you need it  Just kidding ,pos
Gonna go dance in the shower listening to Mr merriweather ,pos
AT_USER Congrats Tony    One million in the pocket  And you looked great doing it  ,pos
AT_USER I wrote the tweet as the first yell came from Mrs  Morris  then pressed enter as the second yell came  We sorted it out ,pos
AT_USER ARGH  I just tweeted that to the wrong person  I meant to tweet that to AT_USER   ok i think i m drunk still from yesterday    ,pos
AT_USER Whereas mine was kinda gooberish  yours is plain dangerous  You win ,pos
If you can start the day without caffeine  YOU RE PROBABLY A DOG  Visit Us    URL,pos
AT_USER ohh  okay then ,pos
AT_USER Thanks    I hope so  Bye   lt 3 AT_USER Hello again ,pos
listening to Supermassive Black hole ,pos
AT_USER I m sure you ve heard the fact that the median number of tweets per user is 1  ,pos
Is very excited for Big Brother tonight   please let there be some eye candy ,pos
AT_USER I love the reproduction song  haha ,pos
Is pumped dan is coming down tonight     ,pos
Sat at the studio for 2hrs yesterday having an intervetion with Billy and Ciara s band   I m starting to understand guys now  ,pos
AT_USER i Think they charge for every letter in the name  not for the drink jaja,pos
i got miles to go for my bday  cant wait to read it ahah ,pos
AT_USER LOL I just saw this  thanks Ang ,pos
AT_USER why limit your story to 140 ch  Tell all what is annoying you at URL  it will help relieve your stress ,pos
Late night homework once again  ,pos
Hangin with my family from martha s vineyard    it soo great  I love to read all the updates from famous people   you guys are the best ,pos
Watch Game 1 of the Stanley Cup Finals on Local 4  Pre game coverage starts at 7 30p    The puck drops at 8    GO WINGS    ,pos
AT_USER HAHAHA GOOD FOR YOU  ,pos
I am completely head over heels in love  ,pos
Me and my brother just had a dance off lolz  I won of course ,pos
Wat up tweets  i just woke up an i still wanna sleep    Lol love ya   ,pos
AT_USER you re gonna look sooo muscular for your shoot today  ,pos
AT_USER i told you    Edward   LOVE  ,pos
AT_USER Yeah it s good to see in the theater  But I don t plan on getting it when it comes out  lol,pos
AT_USER awww ily you re so sweet ,pos
AT_USER I love McFly  frOm Katie ,pos
AT_USER Nice  Its awesome when you have a productive day ,pos
SHOWERING   ,pos
All night Office marathon is in order i think ,pos
AT_USER hey miley  do u know MANNY PACQUIAO   my question doesn t make sense  but seriously  do u know him  juz wondering  hehe,pos
Another great day  Gonna get my coffe and I  ll be right back    and yes   sun IS shining ,pos
Previously on brothers and sisters    All day long ,pos
lying in bed watching ellen with my coffee and biscuits quot  kris ellen today ,pos
AT_USER i think i am a bit  in love with his creations and wit but not that physically attracted to him although he has great style ,pos
Cleaning and packing up my bedroom    Seems like a huge job    I have 2 1 2 weeks to get it done though    ,pos
OMG  your all gayrods ,pos
So Glad Twilight Won the Mtv Movie awards ,pos
Finished watching Fired Up  ,pos
Need to practice guitar    so tired    maybe if I wear my new shoes while I play it ll be more fun  ,pos
AT_USER Hey Phil   hhrs  tcot  hcb,pos
 How are you all  been very hot I must say ,pos
AT_USER AT_USER we were there in spirit    any offers ,pos
AT_USER i trusted matt with my life in that picture  funnnn night though ,pos
Been a while  We re overdue  We need more show videos  Matthew Mayfield   Open Road URL ,pos
AT_USER Without passengers or a really hardcore schedule  and with a taildragger    it might be an almost perfect flying job ,pos
AT_USER LOL I don t drink     just a 12pk a cherry coke when I m depressed and I don t do pills either  Try a goody  ,pos
AT_USER i ll need to talk to MrSteve about AT_USER sorry for the slashes ,pos
AT_USER Give me a shout out Mr Musso and it will be  quot Marco Gennuso is awesome  quot  ,pos
hey twitters how are we all   xox ,pos
AT_USER Get 100 followers a day using URL Once you add everyone you are on the train or pay vip ,pos
AT_USER me and sean are going to come there and fondue you ,pos
 flylady ok  dinner in oven  having lasagna  amp  salad  did some knitting  dozed a little  drank lots of water  headache finally almost gone ,pos
AT_USER sure i willl      ,pos
AT_USER hahahaha you too   the sims 3 is really gooooood game    i love when my sims are painting pictures like armins ,pos
AT_USER Owen  no problem     it s on replay  Besides I  quot winged quot  it more than usual tonight and it shows  ,pos
  cleaning   Making April is probably one of the best bands I ve ever listened to  ,pos
AT_USER Thanks Charmaine   Have an awesome day    ,pos
AT_USER Awww  heard the good news   Congratulations  ,pos
im aboit to run the apple blossom 10K ,pos
AT_USER if I didn t have a teachers salary I d say yes  But I m just surviving  Ha,pos
Lil Wayneeeee  ,pos
Had better weekends than this 1 AT_USER but better times are yet to come and  Im gonna be preparing myself for ALL of them  ,pos
Go Bing Yourself  Right Now URL Awesome ,pos
new moon will suck as bad as twilight did ,pos
Sleepless  Helpless    Playing Guitar Does The Body Good   ,pos
1 0 RED WINGS    ,pos
AT_USER i wasn t mentioned by name in that  quot repsonsible for 90  of tweets quot   was i  ,pos
AT_USER i m not sure  Mark tweeted about this one  thats the only reason i knew about it  i m sure its on the site though ,pos
no more school except for arena  P working at mc laren lodge ,pos
is making music on GarageBand  Woot  lol ,pos
AT_USER that was amazing  I couldn t help but dance   ,pos
AT_USER      Yes ,pos
AT_USER awesome  keep up the good work  feel free to follow me if you like ,pos
AT_USER hey thank s ,pos
AT_USER nice but they said i ll be the first moslem to enter Anna community and Anna High school nah i dunno what to do then  __ ,pos
AT_USER Thank YOU  DL now ,pos
is going home from work and planning on watching the Dance India Dance Finale    good night God Bless YOu ALL  ,pos
Pyro  I can help you sell buttons  ,pos
i love the rain ,pos
AT_USER Bye Btw  you like Simple Plan  Hoobastank  Bon Jovi  Linkin Park TOO  I love them    ,pos
AT_USER that was such amazing day they year went quick ,pos
AT_USER  quot ZZ Top     I Thank You    AT_USER     URL,pos
says yey  its raining  URL,pos
Hahaha  go see The Hangover    ,pos
AT_USER Awww man what if we sneak on  lets  Im bringing my baseball we ll throw it at people give someone a bad head ache ,pos
AT_USER Goodnight  What about good grief ,pos
Got a great honor today   Someone asked me to pray for her new house at PIK  amp  also pray for her womb   She really wants to has a baby   ,pos
AT_USER yeaah  type  nick jonas on the phone  in on photobucket ,pos
AT_USER glad that u re come back   don t leave us again                have a nice ,pos
AT_USER Lady gaga maximo park kasabian prodigy pendulum 2many djs loads of em   glastonbury will b better thn L b ,pos
AT_USER okay will do hen it has finished 5 more to go     ,pos
my phone is about to die and I can t charge it til I go hm tomorrow soo  AT_USER see you in a bit   amp  everyone else  have a safe night  ,pos
AT_USER Okies  Bye Justine Stay cool ,pos
AT_USER Oh  I didn t even notice  ,pos
AT_USER ah sounds great  i take it ur on about CO  well regardless i m sure u guys will put it off ,pos
AT_USER Thank you  ,pos
I would like to see ed now please ,pos
AT_USER Laura  You re Soooo Sweet Looking forward to more of your videos  xxx Love ya ,pos
Rindi  we should get our tats in  NASHVILLE ARKANSAS ,pos
AT_USER i think no one is able to picture robert as a human anymore  ,pos
Random fact  I love moving my cursor around pages which show sprinkles everytime the cursor moves  It feels like a magic dust ,pos
AT_USER ur song ii think its called hey u there   goes just 2 let u know ,pos
AT_USER Are You Having Fun    ,pos
Factory Mud Pie at The Cheesecake Factory  Yumm babayyy  ,pos
AT_USER I am going to TwiCon You ,pos
AT_USER I m sorry you re not feeling well  He was doing Genesis 3 and the serpent  He took it all the way to calvary  It was good ,pos
AT_USER update more often   ,pos
 quot You dyed it the same color  quot  I love my dad  P s  I have brown hair now ,pos
AT_USER tweeting is clearly the next big thing on the web  isn t it   everything in 140 characters or less ,pos
AT_USER gosh darn it  I m so jealous of you con people ,pos
i m up at 3 43 am readinh kradam fics  i feel like a bitch for abandoning cookleta  haha  it ll come back to be tho  ,pos
AT_USER pentru ca ai descoperit twitterul ,pos
How can e prescribing  amp  Clinical Decision Support be used to improve patient care  Synopsis available   DM me if you want to know more  ,pos
Watch out   For me ,pos
AT_USER i also need to join that electo music comm you have  yay metronome ,pos
Scout is getting bigger but she seams to be acting more like a little terror day by day  ,pos
eat them dead   yummier  ,pos
has made 4 life changing decisions this week  So I might take have a little rest today ,pos
AT_USER GO WITH THE HAIRCUT    YOU WILL BE GORGEOUS   I COULD TOTALLY SEE THAT LOOK ON YOU ,pos
AT_USER Well you Know   Pops Colla  I gotta Rep It 4 The REAL Boss Chicks    if ima do ima do it RIGHT  ,pos
AT_USER how was your first week or few days back at work    Hope the kids are doing well ,pos
thinking of creating a new english diminutive with J  ,pos
saw another armadillo ,pos
AT_USER SURE THING  If you say so Let z partay  JM style ,pos
Woohoo  I won the Free Money Finance March Madness tournament by two votes  I guess getting my in laws to vote WAS a good idea  ,pos
 DotNetNuke  jQuery  jQueryUI drag and drop portlets skin now themeroller ready live demo this time URL,pos
AT_USER    find my baby sister    she s at the picnic ,pos
AT_USER LOL   omg  but yeah  that  too  I can t wait to see you  I miss you like crazy ,pos
Gotta love those crazy dreams  Holly style How much will u make today count in light of eternity ,pos
AT_USER Lol  Yes u can  My bro has lived in Edinburgh for years and still does a terrible fake scots accent  ,pos
AT_USER what this tells me is     I need a proper garage ,pos
AT_USER We prefer to deal with support via email  It s in our twitter background if you need the address Thanks ,pos
bored as fuck waiting untill 7 to talk to her boyfrennn i miss him way to muchos,pos
AT_USER LOL      I luv u more       ok  so guess what I m going 2 start calling u  E  D  Brit and everybody else   ,pos
so this is really happening  ,pos
AT_USER hey how can i get in touch with your agent manager  to get you guys to sing in my birthday  becoz i LOVE YOUU              ,pos
Mmm eating a chicken sandwhich yummy   ,pos
AT_USER owwww i don t envy u at all ,pos
AT_USER Man it will be a sweep no worries ,pos
AT_USER Thank you  I hope it s good  ,pos
just like lastlatter  i ve re opened my blog as well ,pos
AT_USER That s pretty pimp ,pos
AT_USER hmm   just don t be fake that s all RE  Bitch,pos
AT_USER YOYO  You okay   lt 3,pos
AT_USER oh and i have messaged you to answer your question ,pos
Going to see Up in 3 D instead of working    ,pos
AT_USER People like you need to be terminated  This country would be so much productive  Just kidding  ,pos
AT_USER good morning loves   Time to make the donuts ,pos
on my way 2 a graduation ,pos
so excited about tomorrow  and life in general  ,pos
AT_USER Follow Me   ,pos
AT_USER N64 is rad  Mine still works and mario kart is still kicking ,pos
AT_USER Yeah  Haha  I got surprised when you announced his and my name on air  He didn t even tell me  haha  ,pos
AT_USER Yeah i was kinda meh at the beginning about BN too but it s starting to grow on me ,pos
nothing ,pos
My tummy tells me it s time for lunch  ,pos
AT_USER you are such a hypocrite lol ,pos
Just bought a new fishing rod and reel ,pos
woke up  headbanger s hangover  waiting for heidi to awake  my face is still recovering from being melted off  ,pos
AT_USER Hey hey   unit is progressing nicely   Building  amp  Pest locked in for thursday  Finance underway   will confirm in 13 days ,pos
AT_USER thanks Yeah was good to meet you to  Hopefully will be able to do more events now exams nearly over for the year,pos
Last night me and AT_USER compromised   I watched Bride Wars with her and she watched Hostel with me  Actually  we both enjoyed both ,pos
AT_USER that s a beautiful dog  Mine ain t so prettty   S She s like half a cocker and half a poodle  haha  Bless,pos
Beirut   A Sunday Smile  URL ,pos
AT_USER It s me first  and rather fun  actually  This is the only snag i ve hit so far  and its not that big a deal  really  ,pos
Ancelotti is new Chelsea manager ,pos
Hey Tweethearts  ,pos
i should be back in servie in a couple of hrs  wish me luck  ,pos
AT_USER This important message brought to you by the TMI Bits Council  Patent Pending  ,pos
AT_USER Can you write in a sax solo for me  ,pos
AT_USER haha thank you thank you ,pos
AT_USER good job w  banquet     thanks again    ,pos
AT_USER OMG insane day and many stories we gotta swap but I m zonked  I can calls yew tewmarrows  ,pos
Eating Hot Pockets  Yum  It s good to be with Leesh    Gonna play poker later with my cousin  Yipee ,pos
AT_USER lol  You go girl  ,pos
Fun sight  A biker got sandwiched bettwen two cars in high speed  Did he die NO  he just stod up with his sigaret still firm in his moth  ,pos
finally home  is 2 30am already n i have to wake up tomorrow at 7am   i hope my super nice professor forgive me if i arrive late tomorrow ,pos
btw love Mitchel Mussos new album  my fave song from it is the in crowd ,pos
AT_USER  amp  it s not insufferable  It s a chance to celebrate how awesome you are as a dad  ,pos
4 hours down 2 to go ,pos
hey everyone on my laptop home alone  good life  until mom is back  eeeeeek,pos
AT_USER im foxtabulous  ,pos
Is making bugers yum ,pos
went to the college from where I did my bachelors    to take vivas ,pos
Good morning Twitterverse    ,pos
Hanging out with jordan ,pos
AT_USER Please document your stuff well  I think it won t just benefit me  but also your stalkers fellow learners ,pos
bsnl is alive again after 2 days      ,pos
AT_USER Thanks my friend  Life is good  ,pos
AT_USER please dont cut it too short  no grandma looks ,pos
AT_USER already joined ,pos
AT_USER planning to take over the world    lol jk    well to go to S C E N E  Fest     wootwoot   ,pos
Ah supper time ,pos
Yeah nearly hometime   back to Manchester leaving  that  London  ,pos
G day AT_USER Thanx for following  ,pos
Right on  right now   Powerspace  Its been stuck in my head all day and i couldnt figure out what song it was  Yay for repeat ,pos
loves going to the hardware store URL,pos
AT_USER Let s see who among them would win ,pos
 i love singing along with my baby     our favorite song is the best         and sex was delicious  lt 3 hahaha,pos
mmmm this chocolate is good  ,pos
AT_USER Having BBQ in garden and making the most of this gorgeous weather Hope it lasts for your visit ,pos
AT_USER Time to upload all the photos and start over  ,pos
Tech lesson from History  Trojan Horse   Beware of G r eeks ,pos
starting out a new thing   slapsunday  basically  but that hash tag there and the name of someone you want to slap on Sunday Why not  ,pos
AT_USER Awesome ,pos
Reblipping ya  AT_USER  quot Pushin  your pain  round my door Will I cry for you as I die for you Is this blo        URL,pos
AT_USER Hey there  How are ya ,pos
Hookah with nigg nd the funnest gay couple i ever met  ,pos
omg  im really brown   hopefully not being vein  ,pos
Finished Angels amp Demons  Awesomeness   Startiting City of Bones  Seems like it ll be a good book  Bought V for Vendetta today  ,pos
Curling doll s hair w  straws  needs to be left for a week for curls to set  Waiting on synthetic hair from America  timing works well  ,pos
AT_USER haha yeah it s kind of nice I do go back  as soon as I m feeling up to it ,pos
AT_USER I cant wait till we gooo x,pos
AT_USER The card was so tweet     ,pos
AT_USER That s what I ve been doing it strangely helps,pos
AT_USER Thats it  It was so good I recall eating it outside our car  We stopped 4 a snack  Also a great castle on the water near there ,pos
Just got done with the New Capital Building now going to the Old one partttyyy  ,pos
AT_USER grabe talaga ang sipag nya    gt tha ts tagalog   ,pos
Getting ready ,pos
AT_USER haha idk i just did find people umm im like might be meeting kyle on monday and he s pretty and my bestttt fweeend wbyyy ,pos
I m an uncle now  ,pos
AT_USER Thanks  The itching is starting to subside just a little  ,pos
Watching the Hills  Omg lauren looks so beautiful on the red carpet  ,pos
JoBros on live lounge Those boys can sing high ,pos
AT_USER no worries   don t rush  just wanted to remind you it s happenin  just haphazardly  not sure it should though ,pos
AT_USER It was obvious  still hoping fandom can tread the higher road so MBear is proud of us  He know we have his back 4Life   4me4u4me ,pos
Sleepy time was goo ood  Heading back to my place  The Gnome went to see Dream Theatre   lucky him ,pos
AT_USER Good to see you in Boulder today  I can t wait to see your new site  ,pos
    is minutes away from release     Can t wait to go home ,pos
AT_USER Hey  hey hey  He s my only guy  PROUD  thnx  well my private sure dont look as dusty as their non touched vaginas  haha,pos
AT_USER ok i need to make a blue for kellie as she had a wee boy called lewis yesterday morning ,pos
AT_USER WATCH SEX DRIVE ,pos
Graduation was great  ,pos
AT_USER Congratulations   That s fantastic news ,pos
AT_USER thank yooooooooou  yeah   kinda  haha,pos
AT_USER ,pos
Back from concert Dane  why didnt you give me your jacket  AT_USER P S  I be your parents are very proud of you  ,pos
AT_USER Leh Laddakh trip in July ,pos
AT_USER pretty much  ,pos
AT_USER Not yet  Legally anyways  Haha  Just give me a few months  ,pos
AT_USER i send out na yan  morning ,pos
That dream has actually put me in a really good mood ,pos
AT_USER when we were poor and lived in Germany it was our favourite cheap Saturday  Now we have one 20min away  ,pos
AT_USER Awesome thanks  I just saw a tweet that FootyTweets was mentioned ,pos
is going to enjoy this week Especially Wednesdayyyyyy ,pos
AT_USER also mentioned how not many Indians know of TED  amp  TEDIndia  amp  we youngsters are really the ppl who will spread the word ,pos
Dyed my hair  ,pos
Night At The Museum 2  Land of the Lost  and Year One  I can t waittt  ,pos
I m so glad the BBC has  f1 back for many reasons  one of the major being the music that they brought back with them ,pos
I think this week s project will be making a  quot Twitterville quot  on Sims  ,pos
so sorry for me not being able to tweet    im just to damn lazy    okay i voted for the first time ever   ,pos
AT_USER thanks sweetie  ,pos
Wow  I just got inspired by a writer who s following me  Dreams can come true  ,pos
AT_USER lol I don t like them  I haven t checked out the Storm yet   but I love my G1 ,pos
This is the official GimpMag com account  Follow us for GIMP tutorials  resources  amp  articles  We will be launching shortly ,pos
AT_USER Yep   We spent time together for 1 1 2 hours only   I needed to go back to church for our 2nd service dance   ,pos
AT_USER Oh i wish   i have 3 diff schools to go to too   nghtmare   8yo wanted to leave at 8am   hope you have a good day  xx,pos
going over claras today ,pos
yay  How To Be dvd arrived  Ive been dying to see it for months Off now to watch it,pos
Ah good    the 64Gb of ram has arrived for the servers ,pos
Dwight Yoakam     A Thousand Miles From Nowhere  AT_USER how far have you come on your trip by now      URL,pos
So close  I had just turned over to fall asleep and I get a drunk phone call from the bf  At least he can buy me throat lozenges now  ,pos
CH__CH  what s missing     fb,pos
Hanging with the boy ,pos
AT_USER Aww that s inspiring  ,pos
AT_USER Love the video for  Outta Here   Can t wait to see more stuff from you  ,pos
Actually  we re going to San Diego  Who wants to hang   Haha ,pos
AT_USER I will  Have a safe and fun time  ,pos
Cici s with the sibs and LLASM ,pos
Now he aint got shit to say im finna put my pussy all n his face frm all dat shit he beene talkn  ,pos
AT_USER yes Brooke  It s all helpful  You never know who you will meet  Please add me and I hope it helps  Thanks  ,pos
AT_USER haha i wish i could understand korean  We love you Lee Min Ho  ,pos
tessa maree whelan  burke   you are just ok ILY ,pos
The Hills Have Eyes was ok    4 AM in Spain    I think it s time to sleep a little while   Good night everyone   ,pos
AT_USER please follow me ,pos
New shoes todayyy  ,pos
AT_USER interesting point  As long as they avoid foreign loan words which might use up half the characters in katakana ,pos
wow Hannah Montana the movie was amazing AT_USER D,pos
AT_USER your name is really hard to rewrite lol omg i had to watch a youtube video  lol don t worry you ll get obsessed in no time  ,pos
 summmerrrrrrrrrrr,pos
eating some good  ol lasagna ,pos
AT_USER thank you for the follow luv ,pos
going to attempt to sleep  no more sunday naps ,pos
AT_USER GIRRL YOU don t SLEEP    LOL  XOXO ,pos
AT_USER Hmm thanks I haven t watched the show yet  If I watch  I wanna read the basic book first ,pos
AT_USER Maybe u have natural ability for languages I envy u on that   ,pos
Watching  quot Modern Marvels   Corrosion  amp  Decomposition quot   Basically  we re all fucked  ,pos
Good morning  Enjoying a cup of coffee along with a nice change in the weather  cooler   Go  Rockets   Beat the  Lakers   ,pos
wrapping presents and cleaning the house for chad s birthday tomorrow  he s going to be 32 My  younger man  lol,pos
Chillin on the couch ,pos
AT_USER Dnt bother  I tried that when to pot by lunch lol  im gonna get skinny in the summer  Need the ass fat for exams right now ,pos
AT_USER anytime i love this kind of stuff,pos
AT_USER yikes Working on it now ,pos
AT_USER if you like 2 laugh  have a good time  follow me  its just that simple ,pos
 Iremember having to stand on a chair or stool to brush my teeth ,pos
AT_USER Oh and its amazing that Alex is 100  on board   ,pos
Downloaded a NES Rom and 2 games ,pos
Tomorrow 15 00 CET  WC3L SK and WE fight for the 5th rank and of course I ll provide you with a shoutcast URL,pos
AT_USER love the in crowd  Did you write it  PS im hoping u reply cuz ive seen u reply to ur fans  Come to toronto plz ,pos
AT_USER Glad to see your post  Sounds like you re doing great  ,pos
look   my snazzy new bracelet   says callan w  hearts on sides and its purple  my daddy got it in Ireland  URL,pos
Watching Mulholland Drive  Some weird ass shit right here but still awesome ,pos
Ashley Tisadle says that she loved Germany ,pos
AT_USER OOH It s so tiny  Thanks for the help ,pos
AT_USER ofcourse jack bauer will win bcoz he s jack bauer ,pos
Reply AT_USER You re very welcome  ,pos
AT_USER He must think there s something special about you  ,pos
AT_USER i love that quote from gandhi ,pos
AT_USER Well  we are  but not on Wednesday  lol ,pos
AT_USER hiya  been looking for you1 ,pos
Enthusiastically exploring the wilderness with Barry  time for candy bar break ,pos
AT_USER I was first on the scene when the Wienermobile came to Las Vegas Wanna see my pics  URL,pos
AT_USER have fun       ,pos
My one year old son just posted that last tweet  All by himself  It is scary what a baby can do with his mum s iPhone  Clever though ,pos
it just turned Tuesday and I m already exhausted    glad this weekend is my birthday  I could use the time off ,pos
is watching the Waynes Brothers  ,pos
AT_USER I m back in town for today too  I go to basic Tuesday  Want to visit me  584 0239,pos
Joey_P_ Worked like a charm  Deleted it  logged out  back in  added it and presto    me  Vegas sunburn and all  Iowe ya one ,pos
AT_USER hey Mac I Love you so Much     I m your Big Fan weeee Your Great,pos
AT_USER HAHAH  looking for me  10bucks thanks  ,pos
I am going to relax on grandmas garden    Flowers friends grandmas nice dog Benny      Hate Monday morning    ,pos
AT_USER you look amazing  and I can t wait to hear it        It will be the highlight of my day ,pos
AT_USER sorry not that i dont believe   just hard to tell for us non celebrity types you know heh heh,pos
AT_USER Oooh  link please  ,pos
TATTOO HAIRCUT  i am soooooooooo sexy ,pos
Had jo s Mac and cheese  It was good  nom nom nom ,pos
AT_USER thank you ,pos
AT_USER come to new york cityy mitchelll and do a signing here ,pos
AT_USER have a good show murph  ,pos
Yayy new Wizards tomorrow ,pos
AT_USER How much are you guys asking for  you know for us to get him back   ,pos
AT_USER all of our hearts r w u jonthan      ,pos
AT_USER Assume a virtue and it s yours Ego is not  necessarily  cocky  Ego is confident assurance  Yes  I can  Yes  I  am   You are   ,pos
AT_USER URL   Lucky her   To dwell in your presence for just a moment  I would do just about anything Y    ,pos
A bugs life     Hahahaha the lady bug ,pos
I loved Nick and Norah s infinite playlist  lt 3 I want my Nick ,pos
AT_USER yes not born but yes I do live here   Where are you from  ,pos
AT_USER Way to get quoted a billion times on G4  ,pos
AT_USER haha yeah  so it was good after all  dang   now i have to see it ,pos
hepi 14th bufday to my sis  Mia  ,pos
AT_USER see latter tweet for more information  ,pos
AT_USER welcome hahahaha,pos
AT_USER haha i no    he some what knows that i exist    yayy    the mesage is my bg on my computer ,pos
AT_USER Sorry I wasnt talking much tonight was really busy in the MCR chat room   we will talk more soon about your predicament  ,pos
chosing my outfit for tonight ,pos
My Yummy Jay  ,pos
AT_USER welllcome to twitter ,pos
AT_USER NICELY SAID ,pos
AT_USER That sounds like something my kid would say  That s funny  ,pos
Clean    ,pos
AT_USER aahhh  It is still got here too  ,pos
AT_USER have you got a picture of him you could stick on the screen and pretend   ,pos
AT_USER will do and i like is oh so quiet ,pos
AT_USER I think you could be the Miss twiitter universe know     but I would vote in you and in the Gio  the two deserve haha xx,pos
Can t believe we re playing at Slim s tomorrow night  Are you coming  URL Hope so ,pos
AT_USER yup ,pos
AT_USER Is that a wednesday  I ll mark it down now so I don t make any plans  ,pos
AT_USER OMG cant waitt   ,pos
i turned kats lava lamp on  its mesmerising and pink  which is always a plus  the silver glitter in it is the added bonus ,pos
AT_USER lol I ll try ,pos
Gasp  Is this a bit of inspiration I feel  appearing   grabs  amp  squishes muses ,pos
What a shift  Tears  screams and blinds pulled down  then water came pouring down through the ceiling  The Joys  ,pos
AT_USER What loss  I think you mis  read   The little guy is now 36 yrs old  How old is your little one ,pos
AT_USER Lol sounds good ,pos
AT_USER you re kind of scary  I think I like it ,pos
AT_USER A pendulum always swings back   I am praying for you bro  ,pos
is ahhhh       I m an emotional drunk    help me   mom don t judge me ,pos
AT_USER Have a good night and a great weekend    weather permitting ,pos
I m reading my Japanese idol s blog  Hahah it s an advantage I learned Nihongo as my third language ,pos
AT_USER Just added you ,pos
AT_USER Ohhhh  you re making me jealous  I love the black  amp  white holstein friesians    that s what I grew up with  ,pos
Feeling much better after an evening with AT_USER and even better since we re going to watch Wayne Brady this weekend ,pos
 quot Pony  it s ok  quot   Erin McCarley ,pos
will move my ass outside and enjoy the great danish weather  ,pos
I ve passed mathematics methods  Wooooohoooooooooo     Floren here I come  ,pos
Chloe s party tpoday v excited ,pos
AT_USER Not next weekend but the weekend after  Come with me and Lauren xxx,pos
I m so tired  I can t wait until this weekend  PROM  I have to sign up for pictures today  I must not forget  Lol ,pos
AT_USER haha i still like it  until now ,pos
The music video for the best days of ur life by Kellie Pickler is amazing and extremely funny ,pos
Ready to take a nice shower ohhh yeah ,pos
AT_USER yea  amp  in another one my school burnt down idk  they were one of the first things i thought of when i woke xD,pos
Rocking out to a Shania Twain marathon ,pos
has got a meggggaaaa load of work to do    ugh  back to sixth form tomorrowwww after a good 2 week off ,pos
Hope everything goes out well in tuesday  ,pos
doing this final   then sleeping for a little while longer,pos
Hey AT_USER it worked    its on my facebook  ,pos
The best plan ever  ,pos
AT_USER I had it check my yahoo email address book  ,pos
AT_USER Get 100 followers a day using URL Once you add everyone you are on the train or pay vip ,pos
AT_USER haha  thatz funny ,pos
i seem to be having a small financial crisis  If u not doing anything at the weekend do u wanna come do a bank over with me ,pos
Haha  awesome  Wendy s got me the hookup ,pos
AT_USER Love your sense of humour ,pos
AT_USER we could do with some mugs in the station first  Theres non there at all  I want a bolton fm fleece if we have any haha ,pos
ugh   sometimes I disgust even myself   sigh  tomorrow s another day   hoping to earn my one day chip ,pos
HaVing An Unbelievable Bad but Funny EXPerienCe Last WeeKEnd in JaKARta Mobile and Computer Expo   ,pos
AT_USER AT_USER Thanks for the heads up guys  ,pos
AT_USER These are reaaaally pretty altough they look a bit hot  the  quot bad quot  hot lol    URL,pos
reading Wittgenstein at 12 41am  good thing i love what i do ,pos
a dormir   Good night everyone   ,pos
AT_USER Thanks anyways  ,pos
woohoo  just beat AT_USER ass at typeracer   once  ,pos
AT_USER  gt  gt  gt  gt  really love your sketches ,pos
AT_USER yeah they are VERY friendly  heheh ,pos
awake  the whole bright eyed bushy tailed bit isn t working out though  shower and caffeine got me at least coherent  ,pos
AT_USER YES  ,pos
obscura is godly  had a good time tonight  ,pos
AT_USER yeah  am a big fan of cynics   and of freedom too just not very political I guess   ,pos
Here s one of the bands that were there today    They were one of my favorites  URL,pos
love to eat pizza right now   yummm  hahahhaa,pos
I m featured on this really cute blog  The Design alphabet URL,pos
AT_USER Ha  I should have checked which message you were referring to Anyhow  URL,pos
AT_USER now we re waiting for those channel views to hit 7 777 777 ,pos
 mileymonday  mileymonday  mileymonday  mileymonday  mileymonday  mileymonday  mileymonday  mileymonday  mileymonday  mileymonday retweet,pos
GOOD EVANS     The two little girls are SO cute   lt 3,pos
URL classic Luis Miguel in english Hunchback of Notre Dame movie Las Vegas ,pos
 followfriday fave  AT_USER I ll also plug my comm  college favs  AT_USER and AT_USER Full disclosure  I work w  AT_USER ,pos
Going to watch Wizard of Oz  1939   It s gonna be awesome  ,pos
I m OFF now  see you guys tomorrow  good night  ,pos
AT_USER a big sigh of relief because he always steps in to help when i m at the point of desperation  ,pos
Ok  bought my protien shakes and now really have to go and see Angels  amp  Demons  ,pos
AT_USER i ve had a couple of those    hardly touched whisky since  gin hasnt featured as yet though ,pos
AT_USER Good luck with them ,pos
Is on her way to a play with my mom in North Hollywood  ,pos
AT_USER I heard that Drake only was in there for a quick spit  then split  so I m glad I didn t waste a trip thank the PR for me ,pos
AT_USER they re still young  just wait a few years until they re playing pranks on the first asleep  playing music games all night   ,pos
Saw Pixar s  quot UP quot  last night  Great movie  loved it  ,pos
What heather    Tigerboy ,pos
is downloading mitchels album ,pos
Hope to have internet  cable and home phone up and running by next Wed  or Thurs  Going crazy without my TV and internet  ,pos
AT_USER lmao I won t piss on myself I ll probably just close my eyes a few times  You have to get it blue ray with a 72 inch tv ,pos
thunderstorms ,pos
I m starting Okinawan karate training tomorrow  I ve always wanted to do martial arts  Why didn t I ask the bf to train me sooner ,pos
AT_USER sweet yo  Btw when i get there im waking u up for a hug ,pos
not goin tto tafe ,pos
AT_USER eggplant  salad  hmm I guess Italian might not be the easiest restaurant   clothdiapers,pos
 quot I ll see you again yeah  quot   quot Its up to you quot   quot I guarantee you will  i dont want to wait to long not seeing you quot  fuckin fruit basket  Hahaha ,pos
AT_USER this is really cute URL,pos
AT_USER Love your  updated  avatar  ,pos
AT_USER nah I dont even lol haha thankssss for the page love ,pos
Trying to get over my horrible hangover from the game last night and mentally preparing for the crazy weekend ahead of me ,pos
AT_USER ahaha we will see  ,pos
wow twit live 191  live twit tv  is absolutely awesome  shira  lisa bettany  john c dvorak and leo laporte are having way too much wine ,pos
AT_USER They re not my favourite but I love guitar hero ,pos
AT_USER why does it say i m single  p  your still top o the quiz btw ,pos
Yeah   My focusrite Octopre is working again   ,pos
oh yea  charlie bartlett was in star trek as chekhov  haha  cooooool  he s kinda hot,pos
AT_USER  O SO CUTE  Yes  I ll be uploading it later today  ,pos
Twitter Verified Accounts BETA   URL ,pos
AT_USER I like the pre marinated lamb roasts ,pos
redoing my myleaky  ,pos
AT_USER ohhh Trey songz I looooooooooove uuuuuuuuuu  Hot so far ,pos
URL   AT_USER The food was delicioso  OMG  ,pos
AT_USER LOL I don t understand your question  ,pos
OMG  roxy from eastenders uncle is sir alan sugar   corr  imagine the birthday christmas presents she would get  ,pos
AT_USER Oh  nice background Ng  y c   m s  k s    k xa     u  ch    nha c  ng  x,pos
Yes  The sun arrived  ,pos
AT_USER A forthcoming plugin he has designed with his software company ,pos
AT_USER out now  Tks for that  Sunshine sure compliments my set  hope u get out and about soon ,pos
Toleo botanical gardens  Then some grad parties gotta love free food  ,pos
Mr  A here  Long day  Sesi is wearing the white bandage cap you see on tv shows  You know the one  She is happy today is over  So am I  ,pos
watching twilight AGAIN   3rd time this week ,pos
just woke up  today I m going to my dad s place and he has no computer so  I don t know when I ll be here next time          ,pos
Yay for Triple J One Night Stand    Eskimo Joeeeeeeee    ,pos
Looks like i can go see jeffree star afterall  I told my dad he d hate the music  amp  he said i could go alone ,pos
AT_USER don t have a newsletter yet maybe in the future    Shall keep you in mind then ,pos
AT_USER Lists actually reduced our spreadsheets more than Excel Svcs  No calculation no excel is new policy  Excel isn t for potlucks ,pos
at hooters with darsh bayers and gizface ,pos
AT_USER speedos   ugh   me not liking   xD but fit guys  oke  NICE  ,pos
AT_USER Good luck tonight at the MTV awards Miley  ,pos
AT_USER My mom had my youngest brother when I was 15  my other brother was 11  sometimes life has other plans  ,pos
AT_USER Pr   fung  h                      na dann mal her mit dem Fragebogen  D  quot    I ve got to ready for Disney Princesses On Ice   yeah    Can t wait ,pos
Watching 100 greatest songs of the 80 s  I guess I must be bored ,pos
AT_USER DUH  see you tomorrow   misssssshhhhhhhhhh you,pos
AT_USER lol thats nore like it    ,pos
AT_USER your welcome ,pos
Help Juice get recommended by Mozilla   write a review  URL   get your friends to do it too ,pos
oh no big deal just taking a taxi home ,pos
AT_USER that s cool  ,pos
1 down    2 shows to go    I love 3 gig wekends ,pos
the weather are really bad today    now I understand why british people love talk about weather ,pos
1 more day til freshman year ends      but grad today  boutta be craccin ,pos
The Speed Racer movie makes me happy ,pos
AT_USER Aww  that s so cute that you think you changed me  ,pos
needs some new tunes for my ipod    ,pos
AT_USER oooooo nothing  My friends like to fight me  So we just fight  ,pos
Would somebody tell my hubby AT_USER that he should give me a day off by going to my parents with the kids for the weekend       ,pos
AT_USER yay   you ll get the job ,pos
AT_USER sneezing a lot on account of having worked in my herb garden  pollen  pollen everywhere  lol    otherwise  all is good  ,pos
AT_USER Never used the frother  Frankly  if I want  fancy  coffee  I go to CCD across the road ,pos
Can t wait too see kings of leon perform at the movie awards ,pos
en route to the city with the cousins ,pos
AT_USER wow  amazing  ,pos
AT_USER you went to a lot of trouble for romy  amp  michele  hope they were worth it    ,pos
AT_USER is a Medical Doc  Internet Mktg Wizard  Social Media Addict and Personal Development Junkie  many more   check him out ,pos
tourist traps all tomorrow ,pos
And I missed my fave singer B  Adams in Hamburg this Thursday  tears  Read to late about the gala in Hamburg hope for a new show soon ,pos
AT_USER I am watchn  when is dinner break   I am hungary    ,pos
watching  quot nayi cis quot  and after this  quot the menalist quot  ,pos
via my mom  actually URL used to work here ,pos
Note  URL link gives you 2G   extra 250MB bonus space ,pos
AT_USER Insurance will cost me  100 and repair replace as needed with no increase in premiums ,pos
AT_USER haven t heard of it but I ll run right out and get it now  Thanks for the heads up  ,pos
K dawg had a double  a single  and then a triple to win the game  What what ,pos
Drying from the pouring rain when I was standing in line to get inside to watch Jabba and NKOTB  ,pos
AT_USER haha I love Dnt Regret It Now with Tyga  lt 3 But just randomly  DeLeon sings on Tifanny Blews  Haha like one line   XD,pos
AT_USER ya  that should be censored for children  ,pos
AT_USER That s what s up  drink up   ,pos
AT_USER WOOT  It s like a highly contagious airborne disease  ,pos
Breakfast with the boytoy ,pos
AT_USER where is that amazing back yard and where will you be all summer  ,pos
AT_USER hey thanx for the follow ,pos
AT_USER hahaha I try  well i m just doing me  ,pos
AT_USER I agree that is the worst hour  that s what Austar foxtel is for ,pos
Fort Blockhouse booked ,pos
Alamak  Internet down edi   how to work  ,pos
twittering for the first time or is it tweeting  wut ever,pos
Brian just made me an awesome krabby patty ,pos
this lollypop is lush ,pos
AT_USER Dan   got the text ,pos
AT_USER okay  out of those  it s either  juke box hit  or  pictures  i can t make up my mind  love them both  singing along as well,pos
AT_USER Traveling is fun  Glad ur well  Glad things will slow down 4 u soon   ,pos
AT_USER Or good at tasting the wine ,pos
AT_USER HEY I M COMING TO THAT ,pos
Back at work today  Hehe  Could moan a thousand times but it s all getting a bit repetitive  Instead  I m going to appreciate life  ,pos
FLAWLESS L  need to win  if not  diversity or shaun    or aidan x i love flawlesss LLLL ,pos
AT_USER Hey congrats papa    so excited to hear ur news ,pos
AT_USER welcome back ,pos
URL   My niece is taking after me  Exact replica of a pic my mom took of me years ago   she s exactly the same ,pos
can t wait till june 11 JB 3D MOVIE IN HONG KONG BABAY ,pos
I hope all Mom s had a happy day today  ,pos
AT_USER second one is slightly too much I d say  It s a daring idea  that s why it has to be killed ,pos
Doing my contest entry for AT_USER  s make up contest woo ,pos
Just been spending the last hour and a bit checking out Spotify  What a piece of software ,pos
AT_USER At the time I did too  but I think it s because I thought it was rude and it made me giggle lol  I was so lame ,pos
AT_USER if you like 2 laugh  have a good time  follow me  its just that simple ,pos
AT_USER yeah they just had babies aswell they are SO cute lol ,pos
Sayang Alia ,pos
Thank you Dad for believing in me  ,pos
AT_USER URL   Aww She is too cute  And wow she must be pretty fastt   ,pos
to all pendejos out there    URL,pos
loves her silver pegasus sooo much ,pos
AT_USER Hee  Thanks darling  ,pos
AT_USER Hey u Whatchu up too  Isn t it past your bed time ,pos
AT_USER You re Welcome ,pos
AT_USER yep  As soon as I sell my place  Anytime now ,pos
AT_USER Just going down with the ship   you know Il Capitano styles  duty calls ,pos
has a face for the radio ,pos
AT_USER just submitted my Report   and I have nothing to do in class now   hehe ,pos
AT_USER Well actually   Larin is my name  The  quot model quot  is what I do  besides sleeping  crawling  etc   ,pos
We brought Danni a bird for her birthday    We should make him a Twitter page  Hehe  ,pos
If freddie from icarly had Jesus  id marry him lol,pos
My hair looks weired    but i like it ,pos
Had a TERRIFIC weekend  Only 114 days left till Lili is here  But  who is counting  ,pos
AT_USER as soon as we can get there  yes we will ,pos
Looking forward to a nap then dinner with the  rents ,pos
wants to say THANKS FOR EVERYTHING to all the students of the class 4D  1994   SEVENTH GYMNASIUM  URL Zagreb  Croatia  ,pos
is hanging out at Alex s  Loving life pretty much right now  ,pos
AT_USER hehe   saying there s no saying no   but 1 night and it would be yes  YES  YES   ,pos
Wooohooo 69 followers  ,pos
AT_USER AT_USER AT_USER AT_USER AT_USER see you tomorrow ,pos
Now at the castle in Stockholm about to watch some guards march around ,pos
Just drank out of a can with a sexy night elf on it ,pos
AT_USER HUZZAH and HOORAY for procreation  I hope you donate one of them to a suitably childless gay couple  Can t be selfish  ,pos
Woooo Rove s on ,pos
AT_USER LOL u get what u need with no crowds ,pos
AT_USER just make sure I don t get cut Lol   ,pos
AT_USER aURL cute Her coloring reminds me of boxers ,pos
woo changed da background and colour of text on my twitter betta now,pos
AT_USER hey    least she s not w that bum  Scott  anymore She d servd WAAAY betr  as do u  amp  Rob   ,pos
AT_USER lol i like u  i think u deserve a follow ,pos
Good morning everyone ,pos
Hello to AT_USER our 700th follower  And they re part of the media  so even better  ,pos
Change of plans  no ikea today  shall probably watch the cup final and then mooch into town  amp  do a spot of shopping ,pos
AT_USER You don t miss a beat  do you  ,pos
Getting ready to go see Alegr   a from Cirque Du Solei  In Halifax  Canada this Afternoon ,pos
AT_USER okay  I ll send you that one then it s just another version of it  different beads and chain  but still super cute  ,pos
AT_USER been busy  i also haven t seen the last two episodes of lost yet  maybe tonight  ,pos
I feel sexy tonight URL,pos
AT_USER heh  I said  getoffmylawn enough times that I m now being followed by a senior housing marketing company  ,pos
Jellicle songs for Jellicle cats  Jellicle songs for Jellicle cats ,pos
had one of the worst day at school in ages due to some people    oh well got chocolate cookies to cheer me up ,pos
enjoying a glass of wine w  sisters  Anxious to see more family this weekend ,pos
It s great  For anyone who doesn t have one  get it  AT_USER How s your iPhone experiences thus far   iPhone  AT_USER,pos
So this is what butt thirty smells like    First actual day of class wish me luck  ,pos
AT_USER you can vent anytime you want  always have my listening ears on and my heart open     ,pos
AT_USER Perhaps the first two episodes of LOST  but after season 1 I lost interest   too convoluted  not enough answers  ,pos
now im watching the tonys ,pos
just finished studying both tagalog at english ng artikulo nang watchtower for tomorow study  ,pos
AT_USER milkshake is now gone  Nice and refreshing  ,pos
AT_USER Why bad mems       Ythink     quot  gt  I super HD him   gt  Oh  if I get a scholarship for Dent  I m going to UE ,pos
Another sunny day here in the south of the netherlands ,pos
Yeahhh feelin good let me twitter that tahh  I miss the family wish u guys were here ,pos
I say  Rrrrr  you say  Anks  ,pos
AT_USER I sent you mail  Have a great day  Talk to ya later Byee,pos
yellow strapless dresses are probably the raddest things ever  and i am now the proud owner of one ,pos
I really liked Phillip on the apprentice  I think he should have got further ,pos
I m missing the new season of Run s House hope my kids are recording it for me ,pos
Happy May 1st  See ya next year April    ,pos
AT_USER Looks like fun doing the Macarena with a live band  ,pos
dress again URL,pos
AT_USER well  someone is getting married  so we re having cake  at 10 a m  Whatever  ,pos
looking forward to FREE Dominos ,pos
AT_USER your very welcome  I will definitely check out your site ,pos
I m in such a comic mood  I m spending my weekend over my drawing desk  Looking forward to the back pain   ,pos
AT_USER I feel like I need to tell you to behave tonight  but I doubt you ll do it night babe ,pos
Happy Mothers Day to all my mommy Tweeps out there  Enjoy your day  ,pos
 AT_USER did poop in my pants  feeling better  bed  teext  Thanks Isaiah  Esmie  Brittni  Mohamed  Sammi  Liz   amp  Shannon  lt 3  lt 3,pos
OMG  Just saw Twilight movie and it   was   awesome  Oscar contender    ,pos
Just finished drinking a cup of Starbucks Espresso Truffle  I will be up another 10hrs ,pos
Just Chilling after MCFLY last night  ABSOULUTELY INCREDIBLE   D i love them  ,pos
oh oh oh  btw piano recital    not so bad I thought I would fail much more than I did  omaijesus whay are asians so good on piano ,pos
AT_USER You are going to be wonderful at it  Good for you  ,pos
AT_USER and about to move to a new home tonight ,pos
AT_USER HaHa Everyone Wants One ,pos
AT_USER awesome  Well  stay in touch   amp  bring back a T shirt   nah  just kidding  ,pos
   The Kooks     Naive    viAT_USER    nice      URL,pos
Half of my dream come true but now im confused and scared but excited and happy,pos
Does anyone still play N64 anymore  or Super Nintendo  Weren t those days the best  haha  So many flashbacks  ,pos
AT_USER nde nga yah n1h1 ksi AH1N1 un  ahehe    load up some vit C  amp  lotsa liquid   have a good sleep  ,pos
AT_USER not if i ruin it for you ,pos
AT_USER I called off bevs phone  i m cheap ,pos
is watching tv and thinking about this boy    ,pos
AT_USER You re welcome  Busy busy day for you  ,pos
It will be alright ,pos
AT_USER Its my mothers haha  amp  i adore you    ,pos
Merlin   he manages to escape being sprung again   lucky thing ,pos
AT_USER awww congrats ,pos
AT_USER Good luck  Mine are 17 and 13 and I still have to take the whip to them as well  Say hi to the family for me  Enjoy ,pos
off to go ride  20 miles through rock creek park and gravelly point ,pos
I can t even remember the last time I slept 10 hours  Got woken up twice from work  but it still feels good  At work  seems quiet ,pos
I Got it  ,pos
but he s ok now  amp  Dad was so upset w him  amp  Mommy that i let him get there inthe 1st place but he s a PUPPY   he explores  lol,pos
AT_USER Hi Ponet    Hope you have an awesome week    ,pos
im too cute for p f changs maybe i need to get into basketball     ,pos
Really likes fast food   that s right    I m not afraid to admit it    ,pos
AT_USER Oh  amp  u have such a cute dog  ,pos
If I listen to  My House  any longer  I ll be singing it in my sleep  For reals  Total Play Count For Today  38 ,pos
AT_USER Well   We need to arrange a night out and I can see your new hair When u wanna gooo oouttt ,pos
Exhausted to the tee   So i m knocking out  Nighty night tweety birds ,pos
AT_USER No I got another position at another company  ,pos
AT_USER wait  how can you  if i m here  ,pos
AT_USER oo  u op  p sdn   d   ss   sn s    u               p    o  p     no   u u n   q  o p  u   o   o        oo  o       o   sn ,pos
Much to be done today  Updates to URL and URL Stay tuned for sneak previews thru the day  ,pos
AT_USER you love it baby  D be happy im not cracking on to you ,pos
It is the Weekend and all I can think about is Jordan getting beat by a girl in boxing     I need help ,pos
Just realized something   one more shift  squeals  ,pos
AT_USER Hi there  AT_USER sent me on over  I m here for my gnome weekend makeover  ,pos
AT_USER not just you  it seems to be mostly Geek Boys  Hot Smart Women  and spammers ,pos
AT_USER This looks like a Sheryl Crow album cover ,pos
I have removed my old Central A C to the garage  Installation of the new one postponed for better weather and more ambition    ,pos
AT_USER Not at all  I ll just imagine you sitting on the train  staring at your ticket  giggling to yourself ,pos
AT_USER NEVER ,pos
AT_USER helloooooo ,pos
AT_USER Thanks Staci  I appreciate that  ,pos
AT_USER Thank you  If only you knew how much you ve helped me  It s been great running again  I ve missed it  Enjoy your day  ,pos
AT_USER Hey man  thanx 4 reminding me  I was following the  I sent them a DM  Crossed fingers and all  ,pos
AT_USER thinks about saying who s a pretty boy then    and thinks better of it    ,pos
Starting out AT_USER bday bash with a Blue Moon   Photo  URL,pos
AT_USER every day should be  hoppusday you rock  Can we have a  trvsday soon hehe,pos
AT_USER A thick book  I m sure the whole subject can be covered in 3 pages ,pos
AT_USER So what changed your mind  If you can explain in 140 characters  ,pos
Everyone have a nice evening    goodnight ,pos
But I am on pg 145 of 165  so I m getting close   yawn ,pos
AT_USER Ok  I want you back  I want use any   keys anymore  You re important  ,pos
chilln in the crib      talkn on the phone to my bff ,pos
AT_USER    Gee hang in there    But it seems u are    But glad 2 here ur afternoon days are well   Myself is doing well thanks    ,pos
in bio  haha played tennis in gym  it was fun  ,pos
AT_USER Thght it might have meant to be a DM  Bit like doing a reply to all e mail when making private comments abt someone on list ,pos
i love my daddy ,pos
ad  The smart way to promote products and services on Twitter  It really works Try it now   URL,pos
dudeeeee here is sooooooooo cold    glad i m hot hahaha ok  i ll stop talking stupidities now ,pos
Twitting while eating haha ,pos
   gt  AT_USER same with me  fingers crossed ,pos
just watched Wolverine  really good     good purchases  ,pos
AT_USER Hohoho  You are quite welcome  Your purpose is following you  Do humans s have other twitter acct is larryh Baaarf  ,pos
AT_USER lol  26 is even better  ,pos
AT_USER Yes  you make me want to be a better person  think I mentioned it before  will continue to do so  I m still EVIL tho  ,pos
AT_USER didn t no you can look at other people replies  how  ,pos
AT_USER AT_USER I will post PICS  amp  Recipes ,pos
is thinking barcelona is looking attractive for the muse gig   ,pos
AT_USER thanks    it will be fun to find other alternatives ,pos
AT_USER man its too late to be takin all this deep ish lol  lets agree to disagree hahaha ,pos
I can t change who I am but you can certainly sit and rotate if you don t like me k ,pos
AT_USER URL   She is sweet indeed  Everyone should have a friend like her  ,pos
please keep following me  ,pos
AT_USER BRING IT ON    ,pos
Happy  Actually Happy  ,pos
